/rolex/gmt-master-ii--mod4.htm,11400,12500,0
/rolex/daytona--mod2.htm,16200,18900,0
/rolex/submariner--mod1.htm,9900,11500,0
/rolex/datejust--mod45.htm,8300,9300,0
/rolex/day-date--mod47.htm,15200,20200,0
/rolex/yacht-master-ii--mod59.htm,13000,13900,0
/rolex/oyster-perpetual--mod55.htm,7200,7700,0
/rolex/sea-dweller--mod49.htm,9500,10900,0
/rolex/explorer-ii--mod51.htm,9000,9400,0
/rolex/milgauss--mod54.htm,9500,9900,0
/rolex/yacht-master--mod58.htm,9900,12200,0
/rolex/gmt-master--mod3.htm,10800,11500,0
/rolex/lady-datejust--mod53.htm,7800,8300,0
/rolex/explorer--mod50.htm,8500,8800,0
/rolex/air-king--mod5.htm,7300,7600,0
/rolex/submariner-no-date--mod2460.htm,10000,10500,0
/rolex/submariner-date--mod981.htm,10100,11900,0
/rolex/land-dweller--mod3217.htm,14700,15200,0
/rolex/1908--mod3109.htm,17000,17700,0
/rolex/sky-dweller--mod611.htm,14100,15200,0
/rolex/air-king-date--mod957.htm,7100,7200,0
/rolex/cellini--mod43.htm,7300,7700,0
/rolex/cellini-danaos--mod972.htm,7500,7600,0
/rolex/cellini-date--mod970.htm,11700,11700,0
/rolex/cellini-dual-time--mod971.htm,12000,12100,0
/rolex/cellini-moonphase--mod2722.htm,17300,18100,0
/rolex/cellini-prince--mod973.htm,10600,10700,0
/rolex/cellini-time--mod974.htm,11000,11200,0
/rolex/chronograph--mod44.htm,17300,21600,0
/rolex/datejust-31--mod3023.htm,9100,10300,0
/rolex/datejust-36--mod2787.htm,8100,8700,0
/rolex/datejust-41--mod3025.htm,10400,11700,0
/rolex/datejust-ii--mod46.htm,9300,9600,0
/rolex/datejust-oysterquartz--mod952.htm,7800,8200,0
/rolex/datejust-turn-o-graph--mod950.htm,8000,8200,0
/rolex/day-date-36--mod2723.htm,13700,16200,0
/rolex/day-date-40--mod964.htm,26900,29700,0
/rolex/day-date-ii--mod48.htm,22200,23100,0
/rolex/day-date-oysterquartz--mod954.htm,13300,13700,0
/rolex/lady-datejust-pearlmaster--mod951.htm,11800,12600,0
/rolex/oyster--mod3030.htm,6200,6500,0
/rolex/oysterdate-precision--mod3075.htm,6600,6700,0
/rolex/oyster-perpetual-26--mod2730.htm,6600,7000,0
/rolex/oyster-perpetual-28--mod3028.htm,8300,8600,0
/rolex/oyster-perpetual-31--mod2729.htm,7400,7800,0
/rolex/oyster-perpetual-34--mod2728.htm,7400,8100,0
/rolex/oyster-perpetual-36--mod2727.htm,8900,9400,0
/rolex/oyster-perpetual-39--mod2726.htm,8800,9000,0
/rolex/oyster-perpetual-41--mod3029.htm,9300,9500,0
/rolex/oyster-perpetual-date--mod955.htm,7200,7400,0
/rolex/oyster-perpetual-lady-date--mod956.htm,6500,6700,0
/rolex/oyster-precision--mod57.htm,6400,6600,0
/rolex/pearlmaster--mod524.htm,13200,14200,0
/rolex/precision--mod3027.htm,6800,7200,0
/rolex/prince--mod523.htm,7500,8500,0
/rolex/sea-dweller-4000--mod953.htm,9400,9700,0
/rolex/sea-dweller-deepsea--mod878.htm,9900,11200,0
/rolex/yacht-master-37--mod2724.htm,10900,11400,0
/rolex/yacht-master-40--mod2725.htm,10500,11400,0
/rolex/yacht-master-42--mod2761.htm,17100,17700,0
/audemarspiguet/royal-oak--mod116.htm,20200,24200,0
/audemarspiguet/royal-oak-offshore--mod117.htm,15000,17000,0
/audemarspiguet/jules-audemars--mod112.htm,9000,11700,0
/audemarspiguet/edward-piguet--mod111.htm,8800,10100,0
/audemarspiguet/royal-oak-chronograph--mod1170.htm,22500,26100,0
/audemarspiguet/royal-oak-concept--mod2368.htm,67700,76700,0
/audemarspiguet/royal-oak-dual-time--mod2418.htm,19200,20500,0
/audemarspiguet/royal-oak-offshore-chronograph--mod1177.htm,15100,17100,0
/audemarspiguet/royal-oak-offshore-diver--mod1176.htm,14200,15300,0
/audemarspiguet/royal-oak-perpetual-calendar--mod1173.htm,56000,74200,0
/audemarspiguet/royal-oak-selfwinding--mod1172.htm,21000,22900,0
/audemarspiguet/royal-oak-tourbillon--mod1171.htm,59000,80200,0
/audemarspiguet/royal-oak-double-balance-wheel-openworked--mod2732.htm,75200,83000,0
/audemarspiguet/royal-oak-jumbo--mod2733.htm,31000,37200,0
/audemarspiguet/code-1159--mod2734.htm,14900,16500,0
/audemarspiguet/millenary--mod114.htm,9000,11000,0
/audemarspiguet/remaster02--mod3150.htm,5200,5200,0
/audemarspiguet/haute-joaillerie--mod2616.htm,5200,5200,0
/audemarspiguet/huitieme--mod2419.htm,9000,9700,0
/audemarspiguet/millenary-4101--mod1168.htm,11200,11700,0
/audemarspiguet/millenary-chronograph--mod2417.htm,9400,10100,0
/audemarspiguet/millenary-ladies--mod115.htm,10500,12900,0
/audemarspiguet/promesse--mod1184.htm,6900,7100,0
/audemarspiguet/quantieme-perpetual-calendar--mod3139.htm,13700,14200,0
/audemarspiguet/royal-oak-day-date--mod1174.htm,17700,21600,0
/audemarspiguet/royal-oak-lady--mod113.htm,12600,14900,0
/audemarspiguet/royal-oak-mini--mod3151.htm,47100,47200,0
/audemarspiguet/royal-oak-offshore-chronograph-volcano--mod1181.htm,5200,5200,0
/audemarspiguet/royal-oak-offshore-diver-chronograph--mod2731.htm,16100,17200,0
/audemarspiguet/royal-oak-offshore-grand-prix--mod1180.htm,16200,16300,0
/audemarspiguet/royal-oak-offshore-lady--mod118.htm,15300,17200,0
/audemarspiguet/royal-oak-offshore-tourbillon-chronograph--mod1179.htm,54200,62200,0
/audemarspiguet/tradition--mod1183.htm,5200,5200,0
/patekphilippe/nautilus--mod106.htm,42700,53000,0
/patekphilippe/calatrava--mod93.htm,11200,13000,0
/patekphilippe/grand-complications--mod101.htm,30200,39100,0
/patekphilippe/complications--mod96.htm,20800,24100,0
/patekphilippe/aquanaut--mod92.htm,35200,40800,0
/patekphilippe/golden-ellipse--mod97.htm,11000,12200,0
/patekphilippe/gondolo--mod98.htm,11500,12700,0
/patekphilippe/twenty4--mod109.htm,10300,13700,0
/patekphilippe/vintage--mod110.htm,8000,10700,0
/patekphilippe/grandmaster-chime--mod2646.htm,2313400,2313400,0
/patekphilippe/cubitus--mod3184.htm,47700,50000,0
/patekphilippe/travel-time--mod108.htm,14800,17600,0
/patekphilippe/annual-calendar--mod1963.htm,20000,22200,0
/patekphilippe/annual-calendar-chronograph--mod94.htm,28200,30000,0
/patekphilippe/beta-21--mod2013.htm,5200,5200,0
/patekphilippe/celestial--mod538.htm,125200,155400,0
/patekphilippe/chronograph--mod1964.htm,27700,31700,0
/patekphilippe/ellipse--mod3138.htm,10700,12000,0
/patekphilippe/hour-glass--mod102.htm,5200,5200,0
/patekphilippe/minute-repeater--mod1965.htm,34800,184300,0
/patekphilippe/minute-repeater-perpetual-calendar--mod1966.htm,366300,437300,0
/patekphilippe/neptune--mod2436.htm,13900,15000,0
/patekphilippe/pagoda--mod107.htm,14900,15100,0
/patekphilippe/perpetual-calendar--mod99.htm,27100,30100,0
/patekphilippe/perpetual-calendar-chronograph--mod1967.htm,74500,83500,0
/patekphilippe/pocket-watch--mod3203.htm,8500,9100,0
/patekphilippe/sky-moon-tourbillon--mod1968.htm,5200,5200,0
/patekphilippe/top-hat--mod3202.htm,10700,10700,0
/patekphilippe/world-time--mod95.htm,22500,24200,0
/patekphilippe/world-time-chronograph--mod2574.htm,29000,30700,0
/richardmille/rm-011--mod880.htm,89500,100200,0
/richardmille/rm-035--mod1447.htm,113300,132300,0
/richardmille/rm-027--mod1443.htm,1237200,1237200,0
/richardmille/rm-055--mod1449.htm,153000,180100,0
/richardmille/rm-030--mod1445.htm,89000,91800,0
/richardmille/rm-010--mod882.htm,60900,62900,0
/richardmille/rm-029--mod1444.htm,63800,67200,0
/richardmille/rm-061--mod1451.htm,109600,119700,0
/richardmille/rm-005--mod1450.htm,53700,54700,0
/richardmille/rm-016--mod881.htm,42700,47800,0
/richardmille/rm-028--mod883.htm,37400,41000,0
/richardmille/rm-032--mod1446.htm,5200,5200,0
/richardmille/rm-037--mod2906.htm,5200,5200,0
/richardmille/rm-052--mod1448.htm,5200,5200,0
/richardmille/rm-07--mod2904.htm,116000,141500,0
/richardmille/rm-43-01--mod3204.htm,5200,5200,0
/richardmille/rm-63--mod2905.htm,5200,5200,0
/richardmille/rm-67--mod2903.htm,102700,110200,0
/richardmille/rm-69--mod2958.htm,5200,5200,0
/richardmille/rm-88--mod3194.htm,5200,5200,0
/richardmille/rm-up-01--mod3195.htm,5200,5200,0
/cartier/tank--mod186.htm,6600,6900,0
/cartier/santos--mod180.htm,7100,7600,0
/cartier/panthere--mod168.htm,7200,7700,0
/cartier/crash--mod1049.htm,201600,205700,0
/cartier/ballon-bleu--mod165.htm,7500,7900,0
/cartier/calibre-de-cartier--mod166.htm,7200,7500,0
/cartier/baignoire--mod164.htm,9100,9800,0
/cartier/pasha--mod172.htm,6400,6600,0
/cartier/drive-de-cartier--mod2437.htm,7400,7500,0
/cartier/ronde-de-cartier--mod2523.htm,6400,6700,0
/cartier/rotonde-de-cartier--mod453.htm,7900,10100,0
/cartier/tortue--mod451.htm,9900,13000,0
/cartier/tank-louis-cartier--mod184.htm,8900,9500,0
/cartier/tank-francaise--mod183.htm,6700,6900,0
/cartier/tank-solo--mod185.htm,6600,6700,0
/cartier/tank-americaine--mod181.htm,7700,8400,0
/cartier/santos-dumont--mod178.htm,7600,8300,0
/cartier/ballon-blanc--mod1047.htm,8600,8900,0
/cartier/ronde-louis-cartier--mod175.htm,7700,8700,0
/cartier/roadster--mod173.htm,6700,6900,0
/cartier/21-chronoscaph--mod162.htm,6000,6100,0
/cartier/21-must-de-cartier--mod163.htm,5700,5800,0
/cartier/ballerine--mod777.htm,5200,5200,0
/cartier/ballon-bleu-28mm--mod1053.htm,7100,7500,0
/cartier/ballon-bleu-33mm--mod1052.htm,7800,8500,0
/cartier/ballon-bleu-36mm--mod1051.htm,7400,7900,0
/cartier/ballon-bleu-40mm--mod1057.htm,8100,8300,0
/cartier/ballon-bleu-42mm--mod1055.htm,7400,7700,0
/cartier/ballon-bleu-44mm--mod1056.htm,8200,8500,0
/cartier/calibre-de-cartier-chronograph--mod2522.htm,7900,8000,0
/cartier/calibre-de-cartier-diver--mod2438.htm,7500,7800,0
/cartier/captive-de-cartier--mod2465.htm,5200,5200,0
/cartier/ceinture--mod3228.htm,8500,8700,0
/cartier/cle-de-cartier--mod1048.htm,6900,7200,0
/cartier/cloche--mod3229.htm,24200,24700,0
/cartier/colisee--mod3230.htm,5800,5900,0
/cartier/cougar--mod776.htm,6300,6600,0
/cartier/delices-de-cartier--mod639.htm,5200,5200,0
/cartier/diabolo--mod2467.htm,7200,7600,0
/cartier/hypnose--mod2464.htm,5200,5200,0
/cartier/la-dona-de-cartier--mod167.htm,7000,7300,0
/cartier/lanieres--mod1050.htm,5200,5200,0
/cartier/pasha-c--mod171.htm,6200,6300,0
/cartier/pasha-seatimer--mod170.htm,6500,6600,0
/cartier/ronde-croisiere-de-cartier--mod2439.htm,6700,6900,0
/cartier/ronde-solo-de-cartier--mod174.htm,6300,6500,0
/cartier/santos-100--mod176.htm,7300,7500,0
/cartier/santos-demoiselle--mod177.htm,6800,7100,0
/cartier/santos-galbee--mod179.htm,7000,7200,0
/cartier/tank-a-guichets--mod3218.htm,5200,5200,0
/cartier/tank-anglaise--mod747.htm,7000,7400,0
/cartier/tank-divan--mod182.htm,6300,6700,0
/cartier/tank-mc--mod906.htm,7300,7500,0
/cartier/tank-vermeil--mod778.htm,6100,6300,0
/cartier/tonneau--mod452.htm,8700,10200,0
/cartier/trinity--mod2466.htm,6400,6700,0
